smaller_id,larger_id,smaller_kwh,larger_kwh,extra_kwh
140297,142410,514.0,565.0,51.0
140297,143273,514.0,579.0,65.0
140297,143274,514.0,579.0,65.0
140297,143525,514.0,576.0,62.0
140297,143553,514.0,605.0,91.0
140297,143554,514.0,605.0,91.0
140297,144188,514.0,605.0,91.0
140297,144271,514.0,576.0,62.0
140297,144916,514.0,587.0,73.0
140297,144917,514.0,587.0,73.0
140297,147053,514.0,576.0,62.0
140297,147184,514.0,605.0,91.0
140297,148085,514.0,599.0,85.0
140297,149437,514.0,605.0,91.0
140297,151638,514.0,605.0,91.0
140297,151692,514.0,589.0,75.0
140297,151648,514.0,562.0,48.0
140297,151761,514.0,580.0,66.0
140297,151847,514.0,605.0,91.0
140297,152106,514.0,550.0,36.0
140297,152107,514.0,550.0,36.0
140297,152180,514.0,605.0,91.0
140297,152181,514.0,605.0,91.0
140297,153411,514.0,580.0,66.0
140297,153587,514.0,605.0,91.0
140297,153588,514.0,605.0,91.0
140297,153909,514.0,550.0,36.0
140297,154729,514.0,612.0,98.0
140297,155113,514.0,575.0,61.0
140297,155585,514.0,599.0,85.0
140297,157994,514.0,576.0,62.0
140297,158848,514.0,605.0,91.0
140297,158849,514.0,605.0,91.0
140297,158858,514.0,550.0,36.0
140297,158949,514.0,550.0,36.0
140297,158986,514.0,576.0,62.0
140297,159321,514.0,598.0,84.0
140297,159919,514.0,550.0,36.0
140297,161247,514.0,609.0,95.0
140297,162457,514.0,605.0,91.0
140297,162776,514.0,598.0,84.0
140297,162904,514.0,605.0,91.0
140297,162906,514.0,605.0,91.0
140297,162964,514.0,610.0,96.0
140297,162967,514.0,600.0,86.0
140297,165030,514.0,608.0,94.0
140297,165660,514.0,608.0,94.0
140297,166058,514.0,605.0,91.0
140297,166059,514.0,605.0,91.0
140297,166151,514.0,580.0,66.0
140297,166356,514.0,600.0,86.0
140297,166476,514.0,561.0,47.0
140297,166477,514.0,561.0,47.0
140297,166901,514.0,572.0,58.0
140297,166954,514.0,554.0,40.0
140297,167018,514.0,565.0,51.0
140297,167240,514.0,609.0,95.0
140297,167841,514.0,579.0,65.0
140297,169009,514.0,605.0,91.0
140297,169010,514.0,605.0,91.0
140297,169546,514.0,590.0,76.0
140297,175251,514.0,608.0,94.0
140297,175252,514.0,608.0,94.0
140297,177068,514.0,586.0,72.0
140297,179216,514.0,550.0,36.0
142136,142410,514.0,565.0,51.0
142136,143273,514.0,579.0,65.0
142136,143274,514.0,579.0,65.0
142136,143525,514.0,576.0,62.0
142136,143553,514.0,605.0,91.0
142136,143554,514.0,605.0,91.0
142136,144188,514.0,605.0,91.0
142136,144271,514.0,576.0,62.0
142136,144916,514.0,587.0,73.0
142136,144917,514.0,587.0,73.0
142136,147053,514.0,576.0,62.0
142136,147184,514.0,605.0,91.0
142136,148085,514.0,599.0,85.0
142136,149437,514.0,605.0,91.0
142136,151638,514.0,605.0,91.0
142136,151692,514.0,589.0,75.0
142136,151648,514.0,562.0,48.0
142136,151761,514.0,580.0,66.0
142136,151847,514.0,605.0,91.0
142136,152106,514.0,550.0,36.0
142136,152107,514.0,550.0,36.0
142136,152180,514.0,605.0,91.0
142136,152181,514.0,605.0,91.0
142136,153411,514.0,580.0,66.0
142136,153587,514.0,605.0,91.0
142136,153588,514.0,605.0,91.0
142136,153909,514.0,550.0,36.0
142136,154729,514.0,612.0,98.0
142136,155113,514.0,575.0,61.0
142136,155585,514.0,599.0,85.0
142136,157994,514.0,576.0,62.0
142136,158848,514.0,605.0,91.0
142136,158849,514.0,605.0,91.0
142136,158858,514.0,550.0,36.0
142136,158949,514.0,550.0,36.0
142136,158986,514.0,576.0,62.0
142136,159321,514.0,598.0,84.0
142136,159919,514.0,550.0,36.0
142136,161247,514.0,609.0,95.0
142136,162457,514.0,605.0,91.0
142136,162776,514.0,598.0,84.0
142136,162904,514.0,605.0,91.0
142136,162906,514.0,605.0,91.0
142136,162964,514.0,610.0,96.0
142136,162967,514.0,600.0,86.0
142136,165030,514.0,608.0,94.0
142136,165660,514.0,608.0,94.0
142136,166058,514.0,605.0,91.0
142136,166059,514.0,605.0,91.0
142136,166151,514.0,580.0,66.0
142136,166356,514.0,600.0,86.0
142136,166476,514.0,561.0,47.0
142136,166477,514.0,561.0,47.0
142136,166901,514.0,572.0,58.0
142136,166954,514.0,554.0,40.0
142136,167018,514.0,565.0,51.0
142136,167240,514.0,609.0,95.0
142136,167841,514.0,579.0,65.0
142136,169009,514.0,605.0,91.0
142136,169010,514.0,605.0,91.0
142136,169546,514.0,590.0,76.0
142136,175251,514.0,608.0,94.0
142136,175252,514.0,608.0,94.0
142136,177068,514.0,586.0,72.0
142136,179216,514.0,550.0,36.0
143842,142410,514.0,565.0,51.0
143842,143273,514.0,579.0,65.0
143842,143274,514.0,579.0,65.0
143842,143525,514.0,576.0,62.0
143842,143553,514.0,605.0,91.0
143842,143554,514.0,605.0,91.0
143842,144188,514.0,605.0,91.0
143842,144271,514.0,576.0,62.0
143842,144916,514.0,587.0,73.0
143842,144917,514.0,587.0,73.0
143842,147053,514.0,576.0,62.0
143842,147184,514.0,605.0,91.0
143842,148085,514.0,599.0,85.0
143842,149437,514.0,605.0,91.0
143842,151638,514.0,605.0,91.0
143842,151692,514.0,589.0,75.0
143842,151648,514.0,562.0,48.0
143842,151761,514.0,580.0,66.0
143842,151847,514.0,605.0,91.0
143842,152106,514.0,550.0,36.0
143842,152107,514.0,550.0,36.0
143842,152180,514.0,605.0,91.0
143842,152181,514.0,605.0,91.0
143842,153411,514.0,580.0,66.0
143842,153587,514.0,605.0,91.0
143842,153588,514.0,605.0,91.0
143842,153909,514.0,550.0,36.0
143842,154729,514.0,612.0,98.0
143842,155113,514.0,575.0,61.0
143842,155585,514.0,599.0,85.0
143842,157994,514.0,576.0,62.0
143842,158848,514.0,605.0,91.0
143842,158849,514.0,605.0,91.0
143842,158858,514.0,550.0,36.0
143842,158949,514.0,550.0,36.0
143842,158986,514.0,576.0,62.0
143842,159321,514.0,598.0,84.0
143842,159919,514.0,550.0,36.0
143842,161247,514.0,609.0,95.0
143842,162457,514.0,605.0,91.0
143842,162776,514.0,598.0,84.0
143842,162904,514.0,605.0,91.0
143842,162906,514.0,605.0,91.0
143842,162964,514.0,610.0,96.0
143842,162967,514.0,600.0,86.0
143842,165030,514.0,608.0,94.0
143842,165660,514.0,608.0,94.0
143842,166058,514.0,605.0,91.0
143842,166059,514.0,605.0,91.0
143842,166151,514.0,580.0,66.0
143842,166356,514.0,600.0,86.0
143842,166476,514.0,561.0,47.0
143842,166477,514.0,561.0,47.0
143842,166901,514.0,572.0,58.0
143842,166954,514.0,554.0,40.0
143842,167018,514.0,565.0,51.0
143842,167240,514.0,609.0,95.0
143842,167841,514.0,579.0,65.0
143842,169009,514.0,605.0,91.0
143842,169010,514.0,605.0,91.0
143842,169546,514.0,590.0,76.0
143842,175251,514.0,608.0,94.0
143842,175252,514.0,608.0,94.0
143842,177068,514.0,586.0,72.0
143842,179216,514.0,550.0,36.0
143843,142410,499.0,565.0,66.0
143843,143273,499.0,579.0,80.0
143843,143274,499.0,579.0,80.0
143843,143525,499.0,576.0,77.0
143843,143553,499.0,605.0,106.0
143843,143554,499.0,605.0,106.0
143843,144188,499.0,605.0,106.0
143843,144271,499.0,576.0,77.0
143843,144916,499.0,587.0,88.0
143843,144917,499.0,587.0,88.0
143843,147053,499.0,576.0,77.0
143843,147184,499.0,605.0,106.0
143843,148085,499.0,599.0,100.0
143843,149437,499.0,605.0,106.0
143843,151638,499.0,605.0,106.0
143843,151692,499.0,589.0,90.0
143843,151648,499.0,562.0,63.0
143843,151761,499.0,580.0,81.0
143843,151847,499.0,605.0,106.0
143843,152106,499.0,550.0,51.0
143843,152107,499.0,550.0,51.0
143843,152180,499.0,605.0,106.0
143843,152181,499.0,605.0,106.0
143843,153411,499.0,580.0,81.0
143843,153587,499.0,605.0,106.0
143843,153588,499.0,605.0,106.0
143843,153909,499.0,550.0,51.0
143843,154729,499.0,612.0,113.0
143843,155113,499.0,575.0,76.0
143843,155585,499.0,599.0,100.0
143843,157994,499.0,576.0,77.0
143843,158848,499.0,605.0,106.0
143843,158849,499.0,605.0,106.0
143843,158858,499.0,550.0,51.0
143843,158949,499.0,550.0,51.0
143843,158986,499.0,576.0,77.0
143843,159321,499.0,598.0,99.0
143843,159919,499.0,550.0,51.0
143843,161247,499.0,609.0,110.0
143843,162457,499.0,605.0,106.0
143843,162776,499.0,598.0,99.0
143843,162904,499.0,605.0,106.0
143843,162906,499.0,605.0,106.0
143843,162964,499.0,610.0,111.0
143843,162967,499.0,600.0,101.0
143843,165030,499.0,608.0,109.0
143843,165660,499.0,608.0,109.0
143843,166058,499.0,605.0,106.0
143843,166059,499.0,605.0,106.0
143843,166151,499.0,580.0,81.0
143843,166356,499.0,600.0,101.0
143843,166476,499.0,561.0,62.0
143843,166477,499.0,561.0,62.0
143843,166901,499.0,572.0,73.0
143843,166954,499.0,554.0,55.0
143843,167018,499.0,565.0,66.0
143843,167240,499.0,609.0,110.0
143843,167841,499.0,579.0,80.0
143843,169009,499.0,605.0,106.0
143843,169010,499.0,605.0,106.0
143843,169546,499.0,590.0,91.0
143843,175251,499.0,608.0,109.0
143843,175252,499.0,608.0,109.0
143843,177068,499.0,586.0,87.0
143843,179216,499.0,550.0,51.0
144699,142410,504.0,565.0,61.0
144699,143273,504.0,579.0,75.0
144699,143274,504.0,579.0,75.0
144699,143525,504.0,576.0,72.0
144699,143553,504.0,605.0,101.0
144699,143554,504.0,605.0,101.0
144699,144188,504.0,605.0,101.0
144699,144271,504.0,576.0,72.0
144699,144916,504.0,587.0,83.0
144699,144917,504.0,587.0,83.0
144699,147053,504.0,576.0,72.0
144699,147184,504.0,605.0,101.0
144699,148085,504.0,599.0,95.0
144699,149437,504.0,605.0,101.0
144699,151638,504.0,605.0,101.0
144699,151692,504.0,589.0,85.0
144699,151648,504.0,562.0,58.0
144699,151761,504.0,580.0,76.0
144699,151847,504.0,605.0,101.0
144699,152106,504.0,550.0,46.0
144699,152107,504.0,550.0,46.0
144699,152180,504.0,605.0,101.0
144699,152181,504.0,605.0,101.0
144699,153411,504.0,580.0,76.0
144699,153587,504.0,605.0,101.0
144699,153588,504.0,605.0,101.0
144699,153909,504.0,550.0,46.0
144699,154729,504.0,612.0,108.0
144699,155113,504.0,575.0,71.0
144699,155585,504.0,599.0,95.0
144699,157994,504.0,576.0,72.0
144699,158848,504.0,605.0,101.0
144699,158849,504.0,605.0,101.0
144699,158858,504.0,550.0,46.0
144699,158949,504.0,550.0,46.0
144699,158986,504.0,576.0,72.0
144699,159321,504.0,598.0,94.0
144699,159919,504.0,550.0,46.0
144699,161247,504.0,609.0,105.0
144699,162457,504.0,605.0,101.0
144699,162776,504.0,598.0,94.0
144699,162904,504.0,605.0,101.0
144699,162906,504.0,605.0,101.0
144699,162964,504.0,610.0,106.0
144699,162967,504.0,600.0,96.0
144699,165030,504.0,608.0,104.0
144699,165660,504.0,608.0,104.0
144699,166058,504.0,605.0,101.0
144699,166059,504.0,605.0,101.0
144699,166151,504.0,580.0,76.0
144699,166356,504.0,600.0,96.0
144699,166476,504.0,561.0,57.0
144699,166477,504.0,561.0,57.0
144699,166901,504.0,572.0,68.0
144699,166954,504.0,554.0,50.0
144699,167018,504.0,565.0,61.0
144699,167240,504.0,609.0,105.0
144699,167841,504.0,579.0,75.0
144699,169009,504.0,605.0,101.0
144699,169010,504.0,605.0,101.0
144699,169546,504.0,590.0,86.0
144699,175251,504.0,608.0,104.0
144699,175252,504.0,608.0,104.0
144699,177068,504.0,586.0,82.0
144699,179216,504.0,550.0,46.0
146314,142410,521.0,565.0,44.0
146314,143273,521.0,579.0,58.0
146314,143274,521.0,579.0,58.0
146314,143525,521.0,576.0,55.0
146314,143553,521.0,605.0,84.0
146314,143554,521.0,605.0,84.0
146314,144188,521.0,605.0,84.0
146314,144271,521.0,576.0,55.0
146314,144916,521.0,587.0,66.0
146314,144917,521.0,587.0,66.0
146314,147053,521.0,576.0,55.0
146314,147184,521.0,605.0,84.0
146314,148085,521.0,599.0,78.0
146314,149437,521.0,605.0,84.0
146314,151638,521.0,605.0,84.0
146314,151692,521.0,589.0,68.0
146314,151648,521.0,562.0,41.0
146314,151761,521.0,580.0,59.0
146314,151847,521.0,605.0,84.0
146314,152106,521.0,550.0,29.0
146314,152107,521.0,550.0,29.0
146314,152180,521.0,605.0,84.0
146314,152181,521.0,605.0,84.0
146314,153411,521.0,580.0,59.0
146314,153587,521.0,605.0,84.0
146314,153588,521.0,605.0,84.0
146314,153909,521.0,550.0,29.0
146314,154729,521.0,612.0,91.0
146314,155113,521.0,575.0,54.0
146314,155585,521.0,599.0,78.0
146314,157994,521.0,576.0,55.0
146314,158848,521.0,605.0,84.0
146314,158849,521.0,605.0,84.0
146314,158858,521.0,550.0,29.0
146314,158949,521.0,550.0,29.0
146314,158986,521.0,576.0,55.0
146314,159321,521.0,598.0,77.0
146314,159919,521.0,550.0,29.0
146314,161247,521.0,609.0,88.0
146314,162457,521.0,605.0,84.0
146314,162776,521.0,598.0,77.0
146314,162904,521.0,605.0,84.0
146314,162906,521.0,605.0,84.0
146314,162964,521.0,610.0,89.0
146314,162967,521.0,600.0,79.0
146314,165030,521.0,608.0,87.0
146314,165660,521.0,608.0,87.0
146314,166058,521.0,605.0,84.0
146314,166059,521.0,605.0,84.0
146314,166151,521.0,580.0,59.0
146314,166356,521.0,600.0,79.0
146314,166476,521.0,561.0,40.0
146314,166477,521.0,561.0,40.0
146314,166901,521.0,572.0,51.0
146314,166954,521.0,554.0,33.0
146314,167018,521.0,565.0,44.0
146314,167240,521.0,609.0,88.0
146314,167841,521.0,579.0,58.0
146314,169009,521.0,605.0,84.0
146314,169010,521.0,605.0,84.0
146314,169546,521.0,590.0,69.0
146314,175251,521.0,608.0,87.0
146314,175252,521.0,608.0,87.0
146314,177068,521.0,586.0,65.0
146314,179216,521.0,550.0,29.0
168071,142410,532.0,565.0,33.0
168071,143273,532.0,579.0,47.0
168071,143274,532.0,579.0,47.0
168071,143525,532.0,576.0,44.0
168071,143553,532.0,605.0,73.0
168071,143554,532.0,605.0,73.0
168071,144188,532.0,605.0,73.0
168071,144271,532.0,576.0,44.0
168071,144916,532.0,587.0,55.0
168071,144917,532.0,587.0,55.0
168071,147053,532.0,576.0,44.0
168071,147184,532.0,605.0,73.0
168071,148085,532.0,599.0,67.0
168071,149437,532.0,605.0,73.0
168071,151638,532.0,605.0,73.0
168071,151692,532.0,589.0,57.0
168071,151648,532.0,562.0,30.0
168071,151761,532.0,580.0,48.0
168071,151847,532.0,605.0,73.0
168071,152106,532.0,550.0,18.0
168071,152107,532.0,550.0,18.0
168071,152180,532.0,605.0,73.0
168071,152181,532.0,605.0,73.0
168071,153411,532.0,580.0,48.0
168071,153587,532.0,605.0,73.0
168071,153588,532.0,605.0,73.0
168071,153909,532.0,550.0,18.0
168071,154729,532.0,612.0,80.0
168071,155113,532.0,575.0,43.0
168071,155585,532.0,599.0,67.0
168071,157994,532.0,576.0,44.0
168071,158848,532.0,605.0,73.0
168071,158849,532.0,605.0,73.0
168071,158858,532.0,550.0,18.0
168071,158949,532.0,550.0,18.0
168071,158986,532.0,576.0,44.0
168071,159321,532.0,598.0,66.0
168071,159919,532.0,550.0,18.0
168071,161247,532.0,609.0,77.0
168071,162457,532.0,605.0,73.0
168071,162776,532.0,598.0,66.0
168071,162904,532.0,605.0,73.0
168071,162906,532.0,605.0,73.0
168071,162964,532.0,610.0,78.0
168071,162967,532.0,600.0,68.0
168071,165030,532.0,608.0,76.0
168071,165660,532.0,608.0,76.0
168071,166058,532.0,605.0,73.0
168071,166059,532.0,605.0,73.0
168071,166151,532.0,580.0,48.0
168071,166356,532.0,600.0,68.0
168071,166476,532.0,561.0,29.0
168071,166477,532.0,561.0,29.0
168071,166901,532.0,572.0,40.0
168071,166954,532.0,554.0,22.0
168071,167018,532.0,565.0,33.0
168071,167240,532.0,609.0,77.0
168071,167841,532.0,579.0,47.0
168071,169009,532.0,605.0,73.0
168071,169010,532.0,605.0,73.0
168071,169546,532.0,590.0,58.0
168071,175251,532.0,608.0,76.0
168071,175252,532.0,608.0,76.0
168071,177068,532.0,586.0,54.0
168071,179216,532.0,550.0,18.0
170319,142410,530.0,565.0,35.0
170319,143273,530.0,579.0,49.0
170319,143274,530.0,579.0,49.0
170319,143525,530.0,576.0,46.0
170319,143553,530.0,605.0,75.0
170319,143554,530.0,605.0,75.0
170319,144188,530.0,605.0,75.0
170319,144271,530.0,576.0,46.0
170319,144916,530.0,587.0,57.0
170319,144917,530.0,587.0,57.0
170319,147053,530.0,576.0,46.0
170319,147184,530.0,605.0,75.0
170319,148085,530.0,599.0,69.0
170319,149437,530.0,605.0,75.0
170319,151638,530.0,605.0,75.0
170319,151692,530.0,589.0,59.0
170319,151648,530.0,562.0,32.0
170319,151761,530.0,580.0,50.0
170319,151847,530.0,605.0,75.0
170319,152106,530.0,550.0,20.0
170319,152107,530.0,550.0,20.0
170319,152180,530.0,605.0,75.0
170319,152181,530.0,605.0,75.0
170319,153411,530.0,580.0,50.0
170319,153587,530.0,605.0,75.0
170319,153588,530.0,605.0,75.0
170319,153909,530.0,550.0,20.0
170319,154729,530.0,612.0,82.0
170319,155113,530.0,575.0,45.0
170319,155585,530.0,599.0,69.0
170319,157994,530.0,576.0,46.0
170319,158848,530.0,605.0,75.0
170319,158849,530.0,605.0,75.0
170319,158858,530.0,550.0,20.0
170319,158949,530.0,550.0,20.0
170319,158986,530.0,576.0,46.0
170319,159321,530.0,598.0,68.0
170319,159919,530.0,550.0,20.0
170319,161247,530.0,609.0,79.0
170319,162457,530.0,605.0,75.0
170319,162776,530.0,598.0,68.0
170319,162904,530.0,605.0,75.0
170319,162906,530.0,605.0,75.0
170319,162964,530.0,610.0,80.0
170319,162967,530.0,600.0,70.0
170319,165030,530.0,608.0,78.0
170319,165660,530.0,608.0,78.0
170319,166058,530.0,605.0,75.0
170319,166059,530.0,605.0,75.0
170319,166151,530.0,580.0,50.0
170319,166356,530.0,600.0,70.0
170319,166476,530.0,561.0,31.0
170319,166477,530.0,561.0,31.0
170319,166901,530.0,572.0,42.0
170319,166954,530.0,554.0,24.0
170319,167018,530.0,565.0,35.0
170319,167240,530.0,609.0,79.0
170319,167841,530.0,579.0,49.0
170319,169009,530.0,605.0,75.0
170319,169010,530.0,605.0,75.0
170319,169546,530.0,590.0,60.0
170319,175251,530.0,608.0,78.0
170319,175252,530.0,608.0,78.0
170319,177068,530.0,586.0,56.0
170319,179216,530.0,550.0,20.0
171487,142410,513.0,565.0,52.0
171487,143273,513.0,579.0,66.0
171487,143274,513.0,579.0,66.0
171487,143525,513.0,576.0,63.0
171487,143553,513.0,605.0,92.0
171487,143554,513.0,605.0,92.0
171487,144188,513.0,605.0,92.0
171487,144271,513.0,576.0,63.0
171487,144916,513.0,587.0,74.0
171487,144917,513.0,587.0,74.0
171487,147053,513.0,576.0,63.0
171487,147184,513.0,605.0,92.0
171487,148085,513.0,599.0,86.0
171487,149437,513.0,605.0,92.0
171487,151638,513.0,605.0,92.0
171487,151692,513.0,589.0,76.0
171487,151648,513.0,562.0,49.0
171487,151761,513.0,580.0,67.0
171487,151847,513.0,605.0,92.0
171487,152106,513.0,550.0,37.0
171487,152107,513.0,550.0,37.0
171487,152180,513.0,605.0,92.0
171487,152181,513.0,605.0,92.0
171487,153411,513.0,580.0,67.0
171487,153587,513.0,605.0,92.0
171487,153588,513.0,605.0,92.0
171487,153909,513.0,550.0,37.0
171487,154729,513.0,612.0,99.0
171487,155113,513.0,575.0,62.0
171487,155585,513.0,599.0,86.0
171487,157994,513.0,576.0,63.0
171487,158848,513.0,605.0,92.0
171487,158849,513.0,605.0,92.0
171487,158858,513.0,550.0,37.0
171487,158949,513.0,550.0,37.0
171487,158986,513.0,576.0,63.0
171487,159321,513.0,598.0,85.0
171487,159919,513.0,550.0,37.0
171487,161247,513.0,609.0,96.0
171487,162457,513.0,605.0,92.0
171487,162776,513.0,598.0,85.0
171487,162904,513.0,605.0,92.0
171487,162906,513.0,605.0,92.0
171487,162964,513.0,610.0,97.0
171487,162967,513.0,600.0,87.0
171487,165030,513.0,608.0,95.0
171487,165660,513.0,608.0,95.0
171487,166058,513.0,605.0,92.0
171487,166059,513.0,605.0,92.0
171487,166151,513.0,580.0,67.0
171487,166356,513.0,600.0,87.0
171487,166476,513.0,561.0,48.0
171487,166477,513.0,561.0,48.0
171487,166901,513.0,572.0,59.0
171487,166954,513.0,554.0,41.0
171487,167018,513.0,565.0,52.0
171487,167240,513.0,609.0,96.0
171487,167841,513.0,579.0,66.0
171487,169009,513.0,605.0,92.0
171487,169010,513.0,605.0,92.0
171487,169546,513.0,590.0,77.0
171487,175251,513.0,608.0,95.0
171487,175252,513.0,608.0,95.0
171487,177068,513.0,586.0,73.0
171487,179216,513.0,550.0,37.0
171004,142410,530.0,565.0,35.0
171004,143273,530.0,579.0,49.0
171004,143274,530.0,579.0,49.0
171004,143525,530.0,576.0,46.0
171004,143553,530.0,605.0,75.0
171004,143554,530.0,605.0,75.0
171004,144188,530.0,605.0,75.0
171004,144271,530.0,576.0,46.0
171004,144916,530.0,587.0,57.0
171004,144917,530.0,587.0,57.0
171004,147053,530.0,576.0,46.0
171004,147184,530.0,605.0,75.0
171004,148085,530.0,599.0,69.0
171004,149437,530.0,605.0,75.0
171004,151638,530.0,605.0,75.0
171004,151692,530.0,589.0,59.0
171004,151648,530.0,562.0,32.0
171004,151761,530.0,580.0,50.0
171004,151847,530.0,605.0,75.0
171004,152106,530.0,550.0,20.0
171004,152107,530.0,550.0,20.0
171004,152180,530.0,605.0,75.0
171004,152181,530.0,605.0,75.0
171004,153411,530.0,580.0,50.0
171004,153587,530.0,605.0,75.0
171004,153588,530.0,605.0,75.0
171004,153909,530.0,550.0,20.0
171004,154729,530.0,612.0,82.0
171004,155113,530.0,575.0,45.0
171004,155585,530.0,599.0,69.0
171004,157994,530.0,576.0,46.0
171004,158848,530.0,605.0,75.0
171004,158849,530.0,605.0,75.0
171004,158858,530.0,550.0,20.0
171004,158949,530.0,550.0,20.0
171004,158986,530.0,576.0,46.0
171004,159321,530.0,598.0,68.0
171004,159919,530.0,550.0,20.0
171004,161247,530.0,609.0,79.0
171004,162457,530.0,605.0,75.0
171004,162776,530.0,598.0,68.0
171004,162904,530.0,605.0,75.0
171004,162906,530.0,605.0,75.0
171004,162964,530.0,610.0,80.0
171004,162967,530.0,600.0,70.0
171004,165030,530.0,608.0,78.0
171004,165660,530.0,608.0,78.0
171004,166058,530.0,605.0,75.0
171004,166059,530.0,605.0,75.0
171004,166151,530.0,580.0,50.0
171004,166356,530.0,600.0,70.0
171004,166476,530.0,561.0,31.0
171004,166477,530.0,561.0,31.0
171004,166901,530.0,572.0,42.0
171004,166954,530.0,554.0,24.0
171004,167018,530.0,565.0,35.0
171004,167240,530.0,609.0,79.0
171004,167841,530.0,579.0,49.0
171004,169009,530.0,605.0,75.0
171004,169010,530.0,605.0,75.0
171004,169546,530.0,590.0,60.0
171004,175251,530.0,608.0,78.0
171004,175252,530.0,608.0,78.0
171004,177068,530.0,586.0,56.0
171004,179216,530.0,550.0,20.0
172723,142410,513.0,565.0,52.0
172723,143273,513.0,579.0,66.0
172723,143274,513.0,579.0,66.0
172723,143525,513.0,576.0,63.0
172723,143553,513.0,605.0,92.0
172723,143554,513.0,605.0,92.0
172723,144188,513.0,605.0,92.0
172723,144271,513.0,576.0,63.0
172723,144916,513.0,587.0,74.0
172723,144917,513.0,587.0,74.0
172723,147053,513.0,576.0,63.0
172723,147184,513.0,605.0,92.0
172723,148085,513.0,599.0,86.0
172723,149437,513.0,605.0,92.0
172723,151638,513.0,605.0,92.0
172723,151692,513.0,589.0,76.0
172723,151648,513.0,562.0,49.0
172723,151761,513.0,580.0,67.0
172723,151847,513.0,605.0,92.0
172723,152106,513.0,550.0,37.0
172723,152107,513.0,550.0,37.0
172723,152180,513.0,605.0,92.0
172723,152181,513.0,605.0,92.0
172723,153411,513.0,580.0,67.0
172723,153587,513.0,605.0,92.0
172723,153588,513.0,605.0,92.0
172723,153909,513.0,550.0,37.0
172723,154729,513.0,612.0,99.0
172723,155113,513.0,575.0,62.0
172723,155585,513.0,599.0,86.0
172723,157994,513.0,576.0,63.0
172723,158848,513.0,605.0,92.0
172723,158849,513.0,605.0,92.0
172723,158858,513.0,550.0,37.0
172723,158949,513.0,550.0,37.0
172723,158986,513.0,576.0,63.0
172723,159321,513.0,598.0,85.0
172723,159919,513.0,550.0,37.0
172723,161247,513.0,609.0,96.0
172723,162457,513.0,605.0,92.0
172723,162776,513.0,598.0,85.0
172723,162904,513.0,605.0,92.0
172723,162906,513.0,605.0,92.0
172723,162964,513.0,610.0,97.0
172723,162967,513.0,600.0,87.0
172723,165030,513.0,608.0,95.0
172723,165660,513.0,608.0,95.0
172723,166058,513.0,605.0,92.0
172723,166059,513.0,605.0,92.0
172723,166151,513.0,580.0,67.0
172723,166356,513.0,600.0,87.0
172723,166476,513.0,561.0,48.0
172723,166477,513.0,561.0,48.0
172723,166901,513.0,572.0,59.0
172723,166954,513.0,554.0,41.0
172723,167018,513.0,565.0,52.0
172723,167240,513.0,609.0,96.0
172723,167841,513.0,579.0,66.0
172723,169009,513.0,605.0,92.0
172723,169010,513.0,605.0,92.0
172723,169546,513.0,590.0,77.0
172723,175251,513.0,608.0,95.0
172723,175252,513.0,608.0,95.0
172723,177068,513.0,586.0,73.0
172723,179216,513.0,550.0,37.0
